{
  "train_loss": [
    2.082281045291735,
    0.916344089784484,
    0.7199225425720215,
    0.6720392107963562,
    0.6283367885195691,
    0.5986479054326597,
    0.5665833803190701,
    0.5452006567215574,
    0.55013707280159,
    0.5090564908324808,
    0.4827665522478629,
    0.4534946727579918,
    0.43767063686813135,
    0.4194517818050108,
    0.4088852781316508,
    0.4047369170879972,
    0.3949702399364416,
    0.3920595231263534,
    0.38052253792251367,
    0.3761005781698918,
    0.37456631962803827,
    0.37219643938368646,
    0.36791959404945374,
    0.3619927332021188,
    0.36394530880278436,
    0.35842923582464026,
    0.35803273233814514
  ],
  "val_loss": [
    1.7146370172500611,
    0.832345849275589,
    0.5015482127666473,
    0.4658048927783966,
    0.4550622493028641,
    0.4301995635032654,
    0.4443303644657135,
    0.43338824808597565,
    0.4296461582183838,
    0.40329876244068147,
    0.3928540885448456,
    0.3766062021255493,
    0.3708346486091614,
    0.3588948428630829,
    0.35516115427017214,
    0.3516223579645157,
    0.34856614768505095,
    0.35106358528137205,
    0.34365891516208646,
    0.3392085671424866,
    0.34709266424179075,
    0.3329830378293991,
    0.33318484127521514,
    0.32831046283245086,
    0.33211528062820433,
    0.3327032685279846,
    0.3290849208831787
  ],
  "train_macro_f1": [
    0.252169657490696,
    0.5454531022757929,
    0.6859120381632743,
    0.7433397346248898,
    0.773037267667018,
    0.7982081387653773,
    0.8375192254033182,
    0.8543298300366117,
    0.8507831802379511,
    0.8918524626482671,
    0.9089081334403963,
    0.9315461799294155,
    0.9473482450692792,
    0.959237399202441,
    0.9726502909771614,
    0.9649772308449087,
    0.9711771485632166,
    0.9761735576382755,
    0.9814666258130059,
    0.9891385126709633,
    0.9860860872992164,
    0.984334754894429,
    0.9874991064275461,
    0.9928340382295813,
    0.9863634348420646,
    0.9901601737587509,
    0.9919277061521264
  ],
  "val_macro_f1": [
    0.32312256086298746,
    0.7148504732031221,
    0.9215355338576819,
    0.9398511666458328,
    0.9880991196931892,
    0.9902129784690542,
    0.9925936548453206,
    0.9896054050165477,
    0.9943576823278502,
    0.9960222309616206,
    0.989597411156404,
    0.9978761970608214,
    0.9978761970608214,
    0.9978761970608214,
    0.9995974173866929,
    0.9995974173866929,
    0.9991879999654547,
    0.9974667796395831,
    0.9978761970608214,
    0.9995974173866929,
    0.9995974173866929,
    0.9988717755211886,
    0.9995974173866929,
    0.9995974173866929,
    0.9988717755211886,
    0.9995974173866929,
    0.9978761970608214
  ],
  "train_weighted_f1": [
    0.6898903484454774,
    0.8361920710501347,
    0.8898350826195595,
    0.9084400653084056,
    0.9178512207672794,
    0.9283136440013958,
    0.93872525635776,
    0.9493619955149404,
    0.9463977620903686,
    0.9610425001554418,
    0.9678960703345881,
    0.9782608864649232,
    0.9830333156593698,
    0.9861862624380578,
    0.9909431243953389,
    0.9891308841561731,
    0.9911551398290995,
    0.9922915090473755,
    0.994351370707374,
    0.9957014353375163,
    0.9954682325106107,
    0.9947798589128556,
    0.9957036397548904,
    0.9977340313738993,
    0.9956888996019085,
    0.9970531819093569,
    0.9975097298854994
  ],
  "val_weighted_f1": [
    0.5762229543499351,
    0.8567257467101757,
    0.9719079517581413,
    0.9872311255914363,
    0.9937625396411655,
    0.9961078418712489,
    0.9968830836658447,
    0.9968909543686104,
    0.9968857843711799,
    0.9968937818833181,
    0.996898486679013,
    0.9992290799280642,
    0.9992290799280642,
    0.9992290799280642,
    0.999220339356097,
    0.999220339356097,
    0.9984402576159971,
    0.9984489981879644,
    0.9992290799280642,
    0.999220339356097,
    0.999220339356097,
    0.9992240242561954,
    0.999220339356097,
    0.999220339356097,
    0.9992240242561954,
    0.999220339356097,
    0.9992290799280642
  ],
  "lr": [
    0.00029979511544580873,
    0.0002991810233575568,
    0.00029815940691897306,
    0.0002967330663097039,
    0.00029490591103021566,
    0.0002926829491861254,
    0.0002900702737613316,
    0.00028707504591756876,
    0.0002837054753661609,
    0.0002997049959000266,
    0.00029882114784651444,
    0.00029735194398393893,
    0.0002953031825887303,
    0.0002926829491861254,
    0.00028950158464029354,
    0.00028577164434366993,
    0.00028150784866655756,
    0.00027672702486255125,
    0.0002714480406590546,
    0.00026569172979498044,
    0.000259480809799501,
    0.00025283979233633894,
    0.0002457948864674291,
    0.00023837389521772474,
    0.00023060610584935996,
    0.0002225221742782064,
    0.00021415400408897832
  ]
}