{
  "mean": [
    0.7312191942996898,
    0.676642973974779,
    0.578131239766768
  ],
  "std": [
    0.22906228831551215,
    0.21381854723082921,
    0.20717511662273255
  ]
}